<?xml version="1.0" encoding="UTF-8"?>
<psf:PrintCapabilities 
  xmlns:psf="http://schemas.microsoft.com/windows/2003/08/printing/printschemaframework" 
  xmlns:xsi="http://www.w3.org/2001/XMLSchema-instance" 
  xmlns:xsd="http://www.w3.org/2001/XMLSchema" 
  xmlns:psk="http://schemas.microsoft.com/windows/2003/08/printing/printschemakeywords" 
  xmlns:psk3d="http://schemas.microsoft.com/3dmanufacturing/2013/01/pskeywords3d"
  version="1">

  <psf:Feature name="psk3d:Job3DQuality">
    <psf:Property name="psf:SelectionType">
      <psf:Value xsi:type="xsd:QName">psk:PickOne</psf:Value>
    </psf:Property>
    <psf:Property name="psk:DisplayName">
      <psf:Value xsi:type="xsd:string">Quality</psf:Value>
    </psf:Property>
    <psf:Option name="psk3d:High" constrained="psk:None">
      <psf:Property name="psk:DisplayName">
        <psf:Value xsi:type="xsd:string">High</psf:Value>
      </psf:Property>
    </psf:Option>
    <psf:Option name="psk3d:Medium" constrained="psk:None">
      <psf:Property name="psk:DisplayName">
        <psf:Value xsi:type="xsd:string">Medium</psf:Value>
      </psf:Property>
    </psf:Option>
    <psf:Option name="psk3d:Draft" constrained="psk:None">
      <psf:Property name="psk:DisplayName">
        <psf:Value xsi:type="xsd:string">Draft</psf:Value>
      </psf:Property>
    </psf:Option>
  </psf:Feature>

  <psf:Feature name="psk3d:Job3DDensity">
    <psf:Property name="psf:SelectionType">
      <psf:Value xsi:type="xsd:QName">psk:PickOne</psf:Value>
    </psf:Property>
    <psf:Property name="psk:DisplayName">
      <psf:Value xsi:type="xsd:string">Density</psf:Value>
    </psf:Property>
    <psf:Option name="psk3d:Hollow" constrained="psk:None">
      <psf:Property name="psk:DisplayName">
        <psf:Value xsi:type="xsd:string">Hollow</psf:Value>
      </psf:Property>
    </psf:Option>
    <psf:Option name="psk3d:Low" constrained="psk:None">
      <psf:Property name="psk:DisplayName">
        <psf:Value xsi:type="xsd:string">Low</psf:Value>
      </psf:Property>
    </psf:Option>
    <psf:Option name="psk3d:Medium" constrained="psk:None">
      <psf:Property name="psk:DisplayName">
        <psf:Value xsi:type="xsd:string">Medium</psf:Value>
      </psf:Property>
    </psf:Option>
    <psf:Option name="psk3d:High" constrained="psk:None">
      <psf:Property name="psk:DisplayName">
        <psf:Value xsi:type="xsd:string">High</psf:Value>
      </psf:Property>
    </psf:Option>
    <psf:Option name="psk3d:Solid" constrained="psk:None">
      <psf:Property name="psk:DisplayName">
        <psf:Value xsi:type="xsd:string">Solid</psf:Value>
      </psf:Property>
    </psf:Option>
  </psf:Feature>

  <psf:Feature name="psk3d:Job3DSupports">
    <psf:Property name="psf:SelectionType">
      <psf:Value xsi:type="xsd:QName">psk:PickOne</psf:Value>
    </psf:Property>
    <psf:Property name="psk:DisplayName">
      <psf:Value xsi:type="xsd:string">Include Object Support Structures</psf:Value>
    </psf:Property>
    <psf:Option name="psk3d:SupportsIncluded" constrained="psk:None">
      <psf:Property name="psk:DisplayName">
        <psf:Value xsi:type="xsd:string">Yes</psf:Value>
      </psf:Property>
    </psf:Option>
    <psf:Option name="psk3d:SupportsExcluded" constrained="psk:None">
      <psf:Property name="psk:DisplayName">
        <psf:Value xsi:type="xsd:string">No</psf:Value>
      </psf:Property>
    </psf:Option>
  </psf:Feature>
  
  <psf:Feature name="psk3d:Job3DRaft">
    <psf:Property name="psf:SelectionType">
      <psf:Value xsi:type="xsd:QName">psk:PickOne</psf:Value>
    </psf:Property>
    <psf:Property name="psk:DisplayName">
      <psf:Value xsi:type="xsd:string">Include Object Raft</psf:Value>
    </psf:Property>
    <psf:Option name="psk3d:RaftIncluded" constrained="psk:None">
      <psf:Property name="psk:DisplayName">
        <psf:Value xsi:type="xsd:string">Yes</psf:Value>
      </psf:Property>
    </psf:Option>
    <psf:Option name="psk3d:RaftExcluded" constrained="psk:None">
      <psf:Property name="psk:DisplayName">
        <psf:Value xsi:type="xsd:string">No</psf:Value>
      </psf:Property>
    </psf:Option>
  </psf:Feature>
  
</psf:PrintCapabilities>
