{
  "Groups": [
    {
      "UniqueId": "AllCategory",
      "Title": "CATEGORY_ALL",
      "Subtitle": "",
      "ImagePath": "",
      "Description": "All categories",
      "Items": [ ]
    },
    {
      "UniqueId": "GadgetCategory",
      "Title": "CATEGORY_GADGET",
      "Subtitle": "",
      "ImagePath": "",
      "Description": "Toys & Gadgets",
      "Items": [
        {
          "UniqueId": "GadgetCategory-Item-1",
          "Title": "Bulldozer",
          "ImagePath": "Assets/Catalog/bulldozer.3mf",
          "Description": "ACTION_BULLDOZER",
          "ItemPath": "Assets/Catalog/bulldozer.3mf"
        },
        {
          "UniqueId": "GadgetCategory-Item-2",
          "Title": "Keychain",
          "ImagePath": "Assets/Catalog/keychain.3mf",
          "Description": "ACTION_KEYCHAIN",
          "ItemPath": "Assets/Catalog/keychain.3mf"
        },
        {
          "UniqueId": "GadgetCategory-Item-3",
          "Title": "Spheres",
          "ImagePath": "Assets/Catalog/spheres.3mf",
          "Description": "ACTION_SPHERES",
          "ItemPath": "Assets/Catalog/spheres.3mf"
        }
      ]
    },
    {
      "UniqueId": "HouseholdCategory",
      "Title": "CATEGORY_HOUSEHOLD",
      "Subtitle": "",
      "ImagePath": "",
      "Description": "Around the House",
      "Items": [       
        {
          "UniqueId": "HouseholdCategory-Item-2",
          "Title": "Space Shuttle",
          "ImagePath": "Assets/Catalog/shuttle.3mf",
          "Description": "ACTION_SPACE_SHUTTLE",
          "ItemPath": "Assets/Catalog/shuttle.3mf"
        },
        {
          "UniqueId": "HouseholdCategory-Item-3",
          "Title": "Windmill",
          "ImagePath": "Assets/Catalog/windmill.3mf",
          "Description": "ACTION_WINDMILL",
          "ItemPath": "Assets/Catalog/windmill.3mf"
        }
      ]
    },
    {
      "UniqueId": "TrainCategory",
      "Title": "CATEGORY_TRAIN",
      "Subtitle": "",
      "ImagePath": "",
      "Description": "Train",
      "Items": [
        {
          "UniqueId": "TrainCategory-Item-1",
          "Title": "Train Engine",
          "ImagePath": "Assets/Catalog/trainengine.3mf",
          "Description": "ACTION_TRAIN_ENGINE",
          "ItemPath": "Assets/Catalog/trainengine.3mf"
        }
      ]
    },
    {
      "UniqueId": "TrophyCategory",
      "Title": "CATEGORY_TROPHY",
      "Subtitle": "",
      "ImagePath": "",
      "Description": "Trophy Parts",
      "Items": [
        {
          "UniqueId": "TrophyCategory-Item-3",
          "Title": "Chess Set",
          "ImagePath": "Assets/Catalog/chess.3mf",
          "Description": "ACTION_CHESS_SET",
          "ItemPath": "Assets/Catalog/chess.3mf"
        }
      ]
    },
    {
      "UniqueId": "BasicShapesCategory",
      "Title": "CATEGORY_SHAPES",
      "Subtitle": "",
      "ImagePath": "",
      "Description": "Basic Shapes",
      "Items": [
        {
          "UniqueId": "BasicShapesCategory-Item-1",
          "Title": "Cube Shape",
          "ImagePath": "Assets/Catalog/shape_cube.3mf",
          "Description": "ACTION_SHAPECUBE",
          "ItemPath": "Assets/Catalog/shape_cube.3mf"
        },
        {
          "UniqueId": "BasicShapesCategory-Item-2",
          "Title": "Cylinder Shape",
          "ImagePath": "Assets/Catalog/shape_cylinder.3mf",
          "Description": "ACTION_SHAPECYLINDER",
          "ItemPath": "Assets/Catalog/shape_cylinder.3mf"
        },
        {
          "UniqueId": "BasicShapesCategory-Item-4",
          "Title": "Pyramid Shape",
          "ImagePath": "Assets/Catalog/shape_pyramid.3mf",
          "Description": "ACTION_SHAPEPYRAMID",
          "ItemPath": "Assets/Catalog/shape_pyramid.3mf"
        },
        {
          "UniqueId": "BasicShapesCategory-Item-0",
          "Title": "Cone Shape",
          "ImagePath": "Assets/Catalog/shape_cone.3mf",
          "Description": "ACTION_SHAPECONE",
          "ItemPath": "Assets/Catalog/shape_cone.3mf"
        },
        {
          "UniqueId": "BasicShapesCategory-Item-3",
          "Title": "Sphere Shape",
          "ImagePath": "Assets/Catalog/shape_sphere.3mf",
          "Description": "ACTION_SHAPESPHERE",
          "ItemPath": "Assets/Catalog/shape_sphere.3mf"
        },
        {
          "UniqueId": "BasicShapesCategory-Item-6",
          "Title": "Hexagon Shape",
          "ImagePath": "Assets/Catalog/shape_hexagon.3mf",
          "Description": "ACTION_SHAPEHEXAGON",
          "ItemPath": "Assets/Catalog/shape_hexagon.3mf"
        },
        {
          "UniqueId": "BasicShapesCategory-Item-5",
          "Title": "Wedge Shape",
          "ImagePath": "Assets/Catalog/shape_wedge.3mf",
          "Description": "ACTION_SHAPEWEDGE",
          "ItemPath": "Assets/Catalog/shape_wedge.3mf"
        },
        {
          "UniqueId": "BasicShapesCategory-Item-7",
          "Title": "Torus Shape",
          "ImagePath": "Assets/Catalog/shape_torus.3mf",
          "Description": "ACTION_SHAPETORUS",
          "ItemPath": "Assets/Catalog/shape_torus.3mf"
        },
        {
          "UniqueId": "BasicShapesCategory-Item-8",
          "Title": "Tetrahedron Shape",
          "ImagePath": "Assets/Catalog/shape_tetrahedron.3mf",
          "Description": "ACTION_SHAPETETRAHEDRON",
          "ItemPath": "Assets/Catalog/shape_tetrahedron.3mf"
        }
      ]
    }
  ]
}